1,Basketball Men's Basketball,Basketball
2,Judo Men's Extra-Lightweight,Judo
3,Football Men's Football,Football
4,Tug-Of-War Men's Tug-Of-War,Tug-Of-War
5,Speed Skating Women's 500 metres,Speed Skating
6,"Speed Skating Women's 1,000 metres",Speed Skating
7,Cross Country Skiing Men's 10 kilometres,Cross Country Skiing
8,Cross Country Skiing Men's 50 kilometres,Cross Country Skiing
9,Cross Country Skiing Men's 10/15 kilometres Pursuit,Cross Country Skiing
10,Cross Country Skiing Men's 4 x 10 kilometres Relay,Cross Country Skiing
11,Cross Country Skiing Men's 30 kilometres,Cross Country Skiing
12,Athletics Women's 100 metres,Athletics
13,Athletics Women's 4 x 100 metres Relay,Athletics
14,Ice Hockey Men's Ice Hockey,Ice Hockey
15,Swimming Men's 400 metres Freestyle,Swimming
16,Badminton Men's Singles,Badminton
17,Sailing Women's Windsurfer,Sailing
18,Biathlon Women's 7.5 kilometres Sprint,Biathlon
19,Swimming Men's 200 metres Breaststroke,Swimming
20,Swimming Men's 400 metres Breaststroke,Swimming
21,Gymnastics Men's Individual All-Around,Gymnastics
22,Gymnastics Men's Team All-Around,Gymnastics
23,Gymnastics Men's Floor Exercise,Gymnastics
24,Gymnastics Men's Horse Vault,Gymnastics
25,Gymnastics Men's Parallel Bars,Gymnastics
26,Gymnastics Men's Horizontal Bar,Gymnastics
27,Gymnastics Men's Rings,Gymnastics
28,Gymnastics Men's Pommelled Horse,Gymnastics
29,Athletics Men's Shot Put,Athletics
30,"Art Competitions Mixed Sculpturing, Unknown Event",Art Competitions
31,Alpine Skiing Men's Downhill,Alpine Skiing
32,Alpine Skiing Men's Super G,Alpine Skiing
33,Alpine Skiing Men's Giant Slalom,Alpine Skiing
34,Alpine Skiing Men's Slalom,Alpine Skiing
35,Alpine Skiing Men's Combined,Alpine Skiing
36,Handball Women's Handball,Handball
37,Weightlifting Women's Super-Heavyweight,Weightlifting
38,"Wrestling Men's Light-Heavyweight, Greco-Roman",Wrestling
39,Speed Skating Men's 500 metres,Speed Skating
40,"Speed Skating Men's 1,500 metres",Speed Skating
41,"Gymnastics Men's Team All-Around, Free System",Gymnastics
42,Luge Women's Singles,Luge
43,Water Polo Men's Water Polo,Water Polo
44,Sailing Mixed Three Person Keelboat,Sailing
45,Hockey Women's Hockey,Hockey
46,Rowing Men's Lightweight Double Sculls,Rowing
47,Athletics Men's Pole Vault,Athletics
48,Athletics Men's High Jump,Athletics
49,Sailing Men's Two Person Dinghy,Sailing
50,"Athletics Men's 1,500 metres",Athletics
51,Bobsleigh Men's Four,Bobsleigh
52,Swimming Men's 100 metres Butterfly,Swimming
53,Swimming Men's 200 metres Butterfly,Swimming
54,Swimming Men's 4 x 100 metres Medley Relay,Swimming
55,Football Women's Football,Football
56,"Fencing Men's Foil, Individual",Fencing
57,"Fencing Men's epee, Individual",Fencing
58,"Fencing Men's epee, Team",Fencing
59,"Speed Skating Men's 5,000 metres",Speed Skating
60,"Speed Skating Men's 10,000 metres",Speed Skating
61,Sailing Mixed 8 metres,Sailing
62,"Equestrianism Mixed Jumping, Individual",Equestrianism
63,Cross Country Skiing Men's 15 kilometres,Cross Country Skiing
64,"Shooting Men's Small-Bore Rifle, Prone, 50 metres",Shooting
65,"Shooting Men's Rapid-Fire Pistol, 25 metres",Shooting
66,Shooting Men's Trap,Shooting
67,Athletics Men's 4 x 100 metres Relay,Athletics
68,Athletics Men's Long Jump,Athletics
69,Boxing Men's Light-Welterweight,Boxing
70,Athletics Women's Javelin Throw,Athletics
71,"Wrestling Men's Heavyweight, Freestyle",Wrestling
72,Taekwondo Men's Flyweight,Taekwondo
73,Boxing Men's Heavyweight,Boxing
74,"Athletics Men's 5,000 metres",Athletics
75,"Cycling Men's Road Race, Individual",Cycling
76,"Cycling Men's Road Race, Team",Cycling
77,Weightlifting Men's Lightweight,Weightlifting
78,Weightlifting Men's Middleweight,Weightlifting
79,Rowing Men's Coxless Pairs,Rowing
80,Judo Men's Half-Middleweight,Judo
81,Taekwondo Women's Flyweight,Taekwondo
82,Boxing Men's Flyweight,Boxing
83,Basketball Women's Basketball,Basketball
84,Diving Men's Platform,Diving
85,"Canoeing Men's Canadian Doubles, 500 metres",Canoeing
86,"Canoeing Men's Canadian Doubles, 1,000 metres",Canoeing
87,"Canoeing Men's Kayak Fours, 1,000 metres",Canoeing
88,Handball Men's Handball,Handball
89,Rowing Women's Coxless Pairs,Rowing
90,Boxing Men's Middleweight,Boxing
91,Judo Men's Lightweight,Judo
92,Boxing Men's Featherweight,Boxing
93,Tennis Men's Doubles,Tennis
94,Shooting Mixed Skeet,Shooting
95,"Wrestling Men's Featherweight, Freestyle",Wrestling
96,Sailing Mixed Two Person Heavyweight Dinghy,Sailing
97,Athletics Women's Shot Put,Athletics
98,Rowing Men's Coxed Eights,Rowing
99,Cycling Women's Sprint,Cycling
100,Cycling Women's 500 metres Time Trial,Cycling
101,Athletics Men's 110 metres Hurdles,Athletics
102,Shooting Mixed Trap,Shooting
103,Athletics Women's Marathon,Athletics
104,Athletics Men's 100 metres,Athletics
105,"Fencing Men's Foil, Team",Fencing
106,"Fencing Men's Sabre, Team",Fencing
107,Swimming Men's 100 metres Freestyle,Swimming
108,Swimming Men's 4 x 200 metres Freestyle Relay,Swimming
109,Boxing Men's Lightweight,Boxing
110,Modern Pentathlon Men's Individual,Modern Pentathlon
111,Boxing Men's Welterweight,Boxing
112,Rowing Men's Quadruple Sculls,Rowing
113,Rowing Men's Double Sculls,Rowing
114,Rowing Men's Coxed Pairs,Rowing
115,Athletics Men's 400 metres Hurdles,Athletics
116,Athletics Men's 400 metres,Athletics
117,Athletics Men's Hammer Throw,Athletics
118,Weightlifting Men's Featherweight,Weightlifting
119,Athletics Men's 800 metres,Athletics
120,Hockey Men's Hockey,Hockey
121,Alpine Skiing Women's Slalom,Alpine Skiing
122,Rowing Women's Single Sculls,Rowing
123,Swimming Men's 50 metres Freestyle,Swimming
124,Weightlifting Women's Featherweight,Weightlifting
125,Water Polo Women's Water Polo,Water Polo
126,Figure Skating Men's Singles,Figure Skating
127,Weightlifting Men's Heavyweight,Weightlifting
128,"Equestrianism Mixed Three-Day Event, Individual",Equestrianism
129,"Equestrianism Mixed Three-Day Event, Team",Equestrianism
130,Figure Skating Mixed Team,Figure Skating
131,Sailing Women's Three Person Keelboat,Sailing
132,"Cycling Women's Road Race, Individual",Cycling
133,Golf Women's Individual,Golf
134,Softball Women's Softball,Softball
135,Archery Women's Individual,Archery
136,"Wrestling Men's Heavyweight, Greco-Roman",Wrestling
137,Volleyball Men's Volleyball,Volleyball
138,Taekwondo Women's Heavyweight,Taekwondo
139,Synchronized Swimming Women's Duet,Synchronized Swimming
140,Synchronized Swimming Women's Team,Synchronized Swimming
141,Taekwondo Women's Featherweight,Taekwondo
142,Athletics Men's Marathon,Athletics
143,Athletics Men's 4 x 400 metres Relay,Athletics
144,"Athletics Men's 10,000 metres",Athletics
145,"Athletics Women's 3,000 metres",Athletics
146,Diving Women's Platform,Diving
147,"Shooting Men's Air Rifle, 10 metres",Shooting
148,Athletics Men's 200 metres,Athletics
149,Weightlifting Men's Flyweight,Weightlifting
150,Swimming Men's 100 metres Backstroke,Swimming
151,Weightlifting Men's Light-Heavyweight,Weightlifting
152,"Wrestling Men's Lightweight, Greco-Roman",Wrestling
153,"Fencing Men's Sabre, Individual",Fencing
154,"Wrestling Men's Super-Heavyweight, Greco-Roman",Wrestling
155,"Shooting Men's Free Pistol, 50 metres",Shooting
156,"Shooting Men's Air Pistol, 10 metres",Shooting
157,Rowing Men's Coxless Fours,Rowing
158,Boxing Men's Light-Flyweight,Boxing
159,Boxing Men's Super-Heavyweight,Boxing
160,"Wrestling Men's Flyweight, Greco-Roman",Wrestling
161,"Shooting Women's Air Rifle, 10 metres",Shooting
162,Weightlifting Men's Middle-Heavyweight,Weightlifting
163,Athletics Men's Javelin Throw,Athletics
164,Volleyball Women's Volleyball,Volleyball
165,"Wrestling Men's Welterweight, Greco-Roman",Wrestling
166,"Wrestling Men's Middleweight, Greco-Roman",Wrestling
167,"Athletics Men's 3,000 metres Steeplechase",Athletics
168,"Wrestling Men's Middleweight, Freestyle",Wrestling
169,Swimming Women's 100 metres Backstroke,Swimming
170,Swimming Women's 200 metres Backstroke,Swimming
171,Swimming Women's 4 x 100 metres Medley Relay,Swimming
172,"Wrestling Men's Light-Heavyweight, Freestyle",Wrestling
173,Modern Pentathlon Men's Team,Modern Pentathlon
174,Boxing Men's Bantamweight,Boxing
175,Athletics Women's 200 metres,Athletics
176,Table Tennis Women's Singles,Table Tennis
177,Table Tennis Women's Doubles,Table Tennis
178,Shooting Men's Skeet,Shooting
179,Swimming Women's 50 metres Freestyle,Swimming
180,"Shooting Men's Small-Bore Rifle, Three Positions, 50 metres",Shooting
181,Athletics Men's Triple Jump,Athletics
182,Weightlifting Women's Lightweight,Weightlifting
183,Athletics Women's Long Jump,Athletics
184,"Fencing Women's epee, Individual",Fencing
185,Swimming Men's 200 metres Freestyle,Swimming
186,Swimming Men's 4 x 100 metres Freestyle Relay,Swimming
187,Swimming Men's 200 metres Backstroke,Swimming
188,Swimming Men's 200 metres Individual Medley,Swimming
189,Swimming Men's 400 metres Individual Medley,Swimming
190,Badminton Women's Singles,Badminton
191,Boxing Men's Light-Middleweight,Boxing
192,Tennis Men's Singles,Tennis
193,"Wrestling Men's Bantamweight, Freestyle",Wrestling
194,"Wrestling Men's Flyweight, Freestyle",Wrestling
195,"Athletics Women's 5,000 metres",Athletics
196,Weightlifting Women's Light-Heavyweight,Weightlifting
197,Weightlifting Women's Heavyweight,Weightlifting
198,Athletics Men's Discus Throw,Athletics
199,Taekwondo Men's Featherweight,Taekwondo
200,Taekwondo Men's Welterweight,Taekwondo
201,Judo Men's Heavyweight,Judo
202,Cycling Men's Sprint,Cycling
203,Bobsleigh Men's Two,Bobsleigh
204,"Wrestling Men's Lightweight, Freestyle",Wrestling
205,Nordic Combined Men's Team,Nordic Combined
206,Nordic Combined Men's Individual,Nordic Combined
207,Baseball Men's Baseball,Baseball
208,Rowing Men's Coxed Fours,Rowing
209,Cycling Men's 100 kilometres Team Time Trial,Cycling
210,Rhythmic Gymnastics Women's Group,Rhythmic Gymnastics
211,"Art Competitions Mixed Architecture, Designs For Town Planning",Art Competitions
212,"Art Competitions Mixed Architecture, Architectural Designs",Art Competitions
213,Gymnastics Women's Individual All-Around,Gymnastics
214,Gymnastics Women's Team All-Around,Gymnastics
215,Gymnastics Women's Floor Exercise,Gymnastics
216,Gymnastics Women's Horse Vault,Gymnastics
217,Gymnastics Women's Uneven Bars,Gymnastics
218,Gymnastics Women's Balance Beam,Gymnastics
219,Diving Women's Springboard,Diving
220,Diving Women's Synchronized Springboard,Diving
221,"Athletics Women's 10,000 metres",Athletics
222,Sailing Mixed 7 metres,Sailing
223,Judo Women's Half-Middleweight,Judo
224,Athletics Men's Decathlon,Athletics
225,Biathlon Men's 10 kilometres Sprint,Biathlon
226,Biathlon Men's 20 kilometres,Biathlon
227,Biathlon Men's 4 x 7.5 kilometres Relay,Biathlon
228,Freestyle Skiing Men's Moguls,Freestyle Skiing
229,"Wrestling Men's Middleweight A, Greco-Roman",Wrestling
230,Athletics Women's Discus Throw,Athletics
231,Swimming Women's 4 x 100 metres Freestyle Relay,Swimming
232,"Athletics Women's 1,500 metres",Athletics
233,"Shooting Women's Air Pistol, 10 metres",Shooting
234,"Shooting Women's Sporting Pistol, 25 metres",Shooting
235,"Canoeing Men's Kayak Doubles, 500 metres",Canoeing
236,"Canoeing Men's Kayak Singles, 500 metres",Canoeing
237,"Canoeing Men's Kayak Singles, 1,000 metres",Canoeing
238,"Shooting Men's Running Target, 50 metres",Shooting
239,Judo Women's Half-Heavyweight,Judo
240,Athletics Women's Pole Vault,Athletics
241,Rugby Sevens Women's Rugby Sevens,Rugby Sevens
242,Table Tennis Men's Team,Table Tennis
243,Figure Skating Mixed Pairs,Figure Skating
244,Freestyle Skiing Men's Aerials,Freestyle Skiing
245,Rowing Women's Coxed Eights,Rowing
246,Athletics Women's 4 x 400 metres Relay,Athletics
247,Alpine Skiing Women's Giant Slalom,Alpine Skiing
248,Alpine Skiing Women's Super G,Alpine Skiing
249,Cross Country Skiing Women's 5 kilometres,Cross Country Skiing
250,Cross Country Skiing Women's 10 kilometres,Cross Country Skiing
251,Cross Country Skiing Women's 20 kilometres,Cross Country Skiing
252,"Cycling Men's 1,000 metres Time Trial",Cycling
253,"Cycling Men's Individual Pursuit, 4,000 metres",Cycling
254,"Wrestling Men's Welterweight, Freestyle",Wrestling
255,"Wrestling Men's Bantamweight, Greco-Roman",Wrestling
256,Rowing Women's Lightweight Double Sculls,Rowing
257,Athletics Women's 800 metres,Athletics
258,Rowing Women's Coxed Quadruple Sculls,Rowing
259,Biathlon Men's 12.5 kilometres Pursuit,Biathlon
260,Biathlon Mixed 2 x 6 kilometres and 2 x 7.5 kilometres Relay,Biathlon
261,Rhythmic Gymnastics Women's Individual,Rhythmic Gymnastics
262,"Canoeing Men's Kayak Singles, Slalom",Canoeing
263,Archery Men's Individual,Archery
264,Archery Men's Team,Archery
265,"Speed Skating Women's 1,500 metres",Speed Skating
266,Speed Skating Women's Team Pursuit (6 laps),Speed Skating
267,Cross Country Skiing Men's Sprint,Cross Country Skiing
268,Athletics Women's 400 metres,Athletics
269,Figure Skating Women's Singles,Figure Skating
270,"Speed Skating Men's 1,000 metres",Speed Skating
271,Trampolining Men's Individual,Trampolining
272,Beach Volleyball Men's Beach Volleyball,Beach Volleyball
273,"Cycling Women's Mountainbike, Cross-Country",Cycling
274,"Athletics Men's Javelin Throw, Both Hands",Athletics
275,Triathlon Women's Olympic Distance,Triathlon
276,Gymnastics Women's Team Portable Apparatus,Gymnastics
277,"Cycling Men's Mountainbike, Cross-Country",Cycling
278,Athletics Women's 400 metres Hurdles,Athletics
279,Diving Men's Springboard,Diving
280,"Wrestling Men's Featherweight, Greco-Roman",Wrestling
281,Table Tennis Men's Singles,Table Tennis
282,Art Competitions Mixed Painting,Art Competitions
283,Cross Country Skiing Women's 3 x 5 kilometres Relay,Cross Country Skiing
284,Judo Men's Open Class,Judo
285,Rowing Women's Quadruple Sculls,Rowing
286,"Gymnastics Men's Team All-Around, Swedish System",Gymnastics
287,Nordic Combined Men's Sprint,Nordic Combined
288,Athletics Women's Pentathlon,Athletics
289,"Art Competitions Mixed Painting, Unknown Event",Art Competitions
290,"Cycling Men's Team Pursuit, 4,000 metres",Cycling
291,Weightlifting Women's Middleweight,Weightlifting
292,"Swimming Men's 1,500 metres Freestyle",Swimming
293,"Wrestling Women's Light-Heavyweight, Freestyle",Wrestling
294,Swimming Women's 100 metres Freestyle,Swimming
295,"Equestrianism Men's Jumping, Individual",Equestrianism
296,"Equestrianism Men's Jumping, Team",Equestrianism
297,"Equestrianism Men's Three-Day Event, Individual",Equestrianism
298,"Equestrianism Men's Three-Day Event, Team",Equestrianism
299,Alpine Skiing Women's Combined,Alpine Skiing
300,Athletics Women's High Jump,Athletics
301,"Ski Jumping Men's Normal Hill, Individual",Ski Jumping
302,"Canoeing Women's Kayak Fours, 500 metres",Canoeing
303,Ice Hockey Women's Ice Hockey,Ice Hockey
304,Sailing Men's One Person Dinghy,Sailing
305,Trampolining Women's Individual,Trampolining
306,Curling Men's Curling,Curling
307,Art Competitions Mixed Literature,Art Competitions
308,Judo Men's Middleweight,Judo
309,Biathlon Women's 15 kilometres,Biathlon
310,Biathlon Women's 3 x 7.5 kilometres Relay,Biathlon
311,Biathlon Women's 4 x 7.5 kilometres Relay,Biathlon
312,Judo Men's Half-Lightweight,Judo
313,"Fencing Women's Foil, Team",Fencing
314,Swimming Women's 200 metres Butterfly,Swimming
315,Swimming Women's 400 metres Individual Medley,Swimming
316,Golf Men's Individual,Golf
317,Athletics Men's Standing High Jump,Athletics
318,Athletics Men's Standing Long Jump,Athletics
319,Athletics Men's 20 kilometres Walk,Athletics
320,Swimming Men's 220 yard Freestyle,Swimming
321,Swimming Men's 880 yard Freestyle,Swimming
322,Swimming Men's One Mile Freestyle,Swimming
323,Swimming Men's 4 x 50 Yard Freestyle Relay,Swimming
324,Swimming Men's Plunge For Distance,Swimming
325,"Shooting Men's Free Rifle, Three Positions, 300 metres",Shooting
326,"Shooting Men's Military Rifle, Three Positions, 300 metres",Shooting
327,"Shooting Men's Military Rifle, Any Position, 600 metres",Shooting
328,"Shooting Men's Military Rifle, 200, 400, 500 and 600 metres, Team",Shooting
329,"Shooting Men's Military Rifle, Prone, 300 metres",Shooting
330,Judo Men's Half-Heavyweight,Judo
331,Archery Women's Team,Archery
332,Athletics Men's 50 kilometres Walk,Athletics
333,Rowing Women's Double Sculls,Rowing
334,Sailing Mixed 6 metres,Sailing
335,Boxing Men's Light-Heavyweight,Boxing
336,Boxing Women's Flyweight,Boxing
337,Athletics Women's 100 metres Hurdles,Athletics
338,"Athletics Men's Discus Throw, Greek Style",Athletics
339,Curling Women's Curling,Curling
340,Sailing Mixed One Person Dinghy,Sailing
341,"Wrestling Women's Heavyweight, Freestyle",Wrestling
342,Badminton Mixed Doubles,Badminton
343,"Fencing Women's Foil, Individual",Fencing
344,Sailing Mixed Two Person Keelboat,Sailing
345,"Shooting Men's Military Rifle, 300 metres and 600 metres, Prone, Team",Shooting
346,Table Tennis Men's Doubles,Table Tennis
347,"Wrestling Men's Light-Flyweight, Freestyle",Wrestling
348,"Wrestling Women's Featherweight, Freestyle",Wrestling
349,Swimming Women's 200 metres Freestyle,Swimming
350,Swimming Women's 400 metres Freestyle,Swimming
351,Swimming Women's 200 metres Individual Medley,Swimming
352,Sailing Men's Windsurfer,Sailing
353,Freestyle Skiing Men's Slopestyle,Freestyle Skiing
354,"Shooting Men's Running Target, Single Shot",Shooting
355,"Shooting Men's Running Target, Double Shot",Shooting
356,Rugby Sevens Men's Rugby Sevens,Rugby Sevens
357,"Wrestling Women's Lightweight, Freestyle",Wrestling
358,Modern Pentathlon Women's Individual,Modern Pentathlon
359,"Canoeing Men's Canadian Doubles, Slalom",Canoeing
360,Judo Women's Half-Lightweight,Judo
361,Diving Women's Plain High,Diving
362,"Equestrianism Men's Dressage, Individual",Equestrianism
363,"Equestrianism Men's Dressage, Team",Equestrianism
364,"Tennis Women's Singles, Covered Courts",Tennis
365,Diving Men's Plain High,Diving
366,"Shooting Mixed Small-Bore Rifle, Three Positions, 50 metres",Shooting
367,"Shooting Mixed Small-Bore Rifle, Prone, 50 metres",Shooting
368,Swimming Women's 800 metres Freestyle,Swimming
369,Sailing Women's Two Person Dinghy,Sailing
370,Alpine Skiing Women's Downhill,Alpine Skiing
371,"Shooting Men's Free Pistol, 50 metres, Team",Shooting
372,"Shooting Men's Free Rifle, Three Positions, 300 metres, Team",Shooting
373,"Shooting Men's Military Rifle, Prone, 300 metres, Team",Shooting
374,"Shooting Men's Military Rifle, Prone, 600 metres, Team",Shooting
375,"Shooting Men's Military Rifle, Standing, 300 metres, Team",Shooting
376,"Shooting Men's Free Rifle, Prone, 600 metres",Shooting
377,"Shooting Men's Free Rifle, 400, 600 and 800 metres, Team",Shooting
378,Rowing Men's Single Sculls,Rowing
379,"Cycling Men's Tandem Sprint, 2,000 metres",Cycling
380,Freestyle Skiing Women's Halfpipe,Freestyle Skiing
381,Athletics Women's Heptathlon,Athletics
382,Cycling Men's Points Race,Cycling
383,Synchronized Swimming Women's Solo,Synchronized Swimming
384,"Equestrianism Mixed Dressage, Individual",Equestrianism
385,"Equestrianism Mixed Dressage, Team",Equestrianism
386,Cross Country Skiing Men's 18 kilometres,Cross Country Skiing
387,Swimming Men's 100 metres Breaststroke,Swimming
388,Figure Skating Mixed Ice Dancing,Figure Skating
389,"Shooting Mixed Free Pistol, 50 metres",Shooting
390,Sailing Women's Skiff,Sailing
391,"Canoeing Men's Kayak Doubles, 10,000 metres",Canoeing
392,Triathlon Men's Olympic Distance,Triathlon
393,Sailing Women's One Person Dinghy,Sailing
394,Cross Country Skiing Women's 30 kilometres,Cross Country Skiing
395,Cross Country Skiing Women's 15 km Skiathlon,Cross Country Skiing
396,Rowing Men's 17-Man Naval Rowing Boats,Rowing
397,Beach Volleyball Women's Beach Volleyball,Beach Volleyball
398,Weightlifting Men's Super-Heavyweight,Weightlifting
399,Rowing Men's Lightweight Coxless Fours,Rowing
400,"Wrestling Men's Light-Flyweight, Greco-Roman",Wrestling
401,"Canoeing Men's Canadian Singles, 1,000 metres",Canoeing
402,Sailing Mixed 5.5 metres,Sailing
403,"Equestrianism Mixed Jumping, Team",Equestrianism
404,Diving Men's Synchronized Platform,Diving
405,Snowboarding Men's Halfpipe,Snowboarding
406,"Canoeing Women's Kayak Singles, Slalom",Canoeing
407,Weightlifting Women's Flyweight,Weightlifting
408,Swimming Women's 100 metres Breaststroke,Swimming
409,Swimming Women's 200 metres Breaststroke,Swimming
410,"Wrestling Men's Middleweight B, Greco-Roman",Wrestling
411,Athletics Men's Stone Throw,Athletics
412,"Athletics Men's Javelin Throw, Freestyle",Athletics
413,Athletics Men's Pentathlon (Ancient),Athletics
414,"Shooting Women's Small-Bore Rifle, Three Positions, 50 metres",Shooting
415,Swimming Women's 100 metres Butterfly,Swimming
416,Weightlifting Men's Heavyweight I,Weightlifting
417,"Athletics Women's 3,000 metres Steeplechase",Athletics
418,"Athletics Men's Shot Put, Both Hands",Athletics
419,"Ski Jumping Men's Large Hill, Individual",Ski Jumping
420,"Ski Jumping Men's Large Hill, Team",Ski Jumping
421,Shooting Women's Trap,Shooting
422,Badminton Men's Doubles,Badminton
423,Swimming Women's 4 x 200 metres Freestyle Relay,Swimming
424,Athletics Men's 10 kilometres Walk,Athletics
425,Athletics Women's 20 kilometres Walk,Athletics
426,Athletics Women's 80 metres Hurdles,Athletics
427,Sailing Men's One Person Heavyweight Dinghy,Sailing
428,Freestyle Skiing Women's Aerials,Freestyle Skiing
429,"Art Competitions Mixed Painting, Paintings",Art Competitions
430,"Tennis Mixed Doubles, Covered Courts",Tennis
431,Cycling Men's Madison,Cycling
432,"Art Competitions Mixed Sculpturing, Statues",Art Competitions
433,Rugby Men's Rugby,Rugby
434,Weightlifting Men's Heavyweight II,Weightlifting
435,"Canoeing Women's Kayak Doubles, 500 metres",Canoeing
436,"Short Track Speed Skating Men's 5,000 metres Relay",Short Track Speed Skating
437,Cycling Men's Individual Time Trial,Cycling
438,Judo Women's Heavyweight,Judo
439,"Canoeing Men's Kayak Doubles, 1,000 metres",Canoeing
440,"Gymnastics Men's Individual All-Around, 5 Events",Gymnastics
441,"Wrestling Men's Super-Heavyweight, Freestyle",Wrestling
442,Biathlon Women's 10 kilometres Pursuit,Biathlon
443,Biathlon Women's 12.5 kilometres Mass Start,Biathlon
444,Biathlon Women's 4 x 6 kilometres Relay,Biathlon
445,"Fencing Women's Sabre, Team",Fencing
446,Shooting Men's Double Trap,Shooting
447,Weightlifting Men's Bantamweight,Weightlifting
448,Taekwondo Men's Heavyweight,Taekwondo
449,Sailing Mixed Windsurfer,Sailing
450,Taekwondo Women's Welterweight,Taekwondo
451,"Shooting Mixed Free Rifle, Three Positions, 300 metres",Shooting
452,Skeleton Men's Skeleton,Skeleton
453,Cycling Men's 50 kilometres,Cycling
454,"Shooting Mixed Rapid-Fire Pistol, 25 metres",Shooting
455,Cycling Men's 333 metres Time Trial,Cycling
456,Cycling Men's 20 kilometres,Cycling
457,"Canoeing Men's Kayak Singles, 10,000 metres",Canoeing
458,Sailing Mixed Open,Sailing
459,Sailing Mixed 1-2 Ton,Sailing
460,"Canoeing Men's Canadian Singles, Slalom",Canoeing
461,Luge Men's Singles,Luge
462,Luge Mixed (Men)'s Doubles,Luge
463,Sailing Mixed Multihull,Sailing
464,Badminton Women's Doubles,Badminton
465,"Speed Skating Women's 3,000 metres",Speed Skating
466,Cross Country Skiing Women's 5/10 kilometres Pursuit,Cross Country Skiing
467,Cross Country Skiing Women's 4 x 5 kilometres Relay,Cross Country Skiing
468,Cross Country Skiing Women's 15 kilometres,Cross Country Skiing
469,Cross Country Skiing Women's 5/5 kilometres Pursuit,Cross Country Skiing
470,Diving Women's Synchronized Platform,Diving
471,Athletics Women's Triple Jump,Athletics
472,Skeleton Women's Skeleton,Skeleton
473,Bobsleigh Men's Four/Five,Bobsleigh
474,"Art Competitions Mixed Painting, Drawings And Water Colors",Art Competitions
475,"Shooting Men's Dueling Pistol, 30 metres",Shooting
476,Boxing Women's Lightweight,Boxing
477,Cycling Women's BMX,Cycling
478,"Canoeing Men's Kayak Doubles, 200 metres",Canoeing
479,"Fencing Men's Sabre, Masters, Individual",Fencing
480,Lacrosse Men's Lacrosse,Lacrosse
481,"Canoeing Women's Kayak Singles, 500 metres",Canoeing
482,Athletics Women's 10 kilometres Walk,Athletics
483,Sailing Mixed 12 metres,Sailing
484,Judo Women's Extra-Lightweight,Judo
485,Diving Men's Synchronized Springboard,Diving
486,"Rowing Men's Coxed Fours, Outriggers",Rowing
487,Gymnastics Men's Rope Climbing,Gymnastics
488,Sailing Mixed Two Person Dinghy,Sailing
489,"Art Competitions Mixed Architecture, Unknown Event",Art Competitions
490,"Archery Men's Target Archery, 28 metres, Team",Archery
491,"Archery Men's Target Archery, 33 metres, Team",Archery
492,"Archery Men's Target Archery, 50 metres, Team",Archery
493,"Short Track Speed Skating Women's 3,000 metres Relay",Short Track Speed Skating
494,Freestyle Skiing Women's Moguls,Freestyle Skiing
495,Short Track Speed Skating Men's 500 metres,Short Track Speed Skating
496,"Shooting Men's Running Target, 10 metres",Shooting
497,Polo Men's Polo,Polo
498,"Rowing Men's Coxed Fours, Inriggers",Rowing
499,Cycling Men's BMX,Cycling
500,Art Competitions Mixed Sculpturing,Art Competitions
501,"Athletics Men's Cross-Country, Individual",Athletics
502,"Athletics Men's Cross-Country, Team",Athletics
503,Sailing Mixed 40 metres,Sailing
504,Cross Country Skiing Men's 10/10 kilometres Pursuit,Cross Country Skiing
505,"Ski Jumping Women's Normal Hill, Individual",Ski Jumping
506,"Short Track Speed Skating Men's 1,000 metres",Short Track Speed Skating
507,"Short Track Speed Skating Men's 1,500 metres",Short Track Speed Skating
508,Gymnastics Men's Club Swinging,Gymnastics
509,Tennis Women's Singles,Tennis
510,Tennis Mixed Doubles,Tennis
511,Tennis Women's Doubles,Tennis
512,Judo Women's Middleweight,Judo
513,Judo Women's Lightweight,Judo
514,Cross Country Skiing Men's Team Sprint,Cross Country Skiing
515,Snowboarding Women's Halfpipe,Snowboarding
516,"Canoeing Women's Kayak Singles, 200 metres",Canoeing
517,Canoeing Men's Kayak Relay 4 x 500 metres,Canoeing
518,"Athletics Men's 3,000 metres, Team",Athletics
519,Cross Country Skiing Women's Sprint,Cross Country Skiing
520,"Shooting Men's Small-Bore Rifle, Prone, 50 and 100 yards",Shooting
521,"Shooting Men's Small-Bore Rifle, 50 and 100 yards, Team",Shooting
522,"Shooting Men's Small-Bore Rifle, Disappearing Target, 25 yards",Shooting
523,"Shooting Men's Small-Bore Rifle, Moving Target, 25 yards",Shooting
524,"Shooting Men's Military Pistol, Team",Shooting
525,Rowing Women's Coxed Fours,Rowing
526,"Weightlifting Men's Unlimited, One Hand",Weightlifting
527,"Canoeing Men's Canadian Singles, 500 metres",Canoeing
528,"Fencing Men's Foil, Masters, Individual",Fencing
529,"Fencing Men's epee, Masters, Individual",Fencing
530,"Gymnastics Men's Individual All-Around, Field Sports",Gymnastics
531,"Gymnastics Men's Individual All-Around, Apparatus Work",Gymnastics
532,"Art Competitions Mixed Music, Compositions For Solo Or Chorus",Art Competitions
533,"Fencing Women's epee, Team",Fencing
534,"Swimming Men's 4,000 metres Freestyle",Swimming
535,Swimming Men's Underwater Swimming,Swimming
536,Sailing Mixed Skiff,Sailing
537,"Shooting Men's Military Rifle, 200/500/600/800/900/1,000 Yards, Team",Shooting
538,"Shooting Men's Running Target, Single And Double Shot",Shooting
539,"Shooting Men's Small-Bore Rifle, Any Position, 50 metres",Shooting
540,"Shooting Men's Small-Bore Rifle, Disappearing Target, 25 metres",Shooting
541,Swimming Women's 10 kilometres Open Water,Swimming
542,Snowboarding Women's Slopestyle,Snowboarding
543,Snowboarding Men's Giant Slalom,Snowboarding
544,Snowboarding Men's Parallel Giant Slalom,Snowboarding
545,Snowboarding Men's Boardercross,Snowboarding
546,Snowboarding Men's Parallel Slalom,Snowboarding
547,"Cycling Men's Team Pursuit, 1,980 yards",Cycling
548,"Cycling Men's 5,000 metres",Cycling
549,Cycling Men's 100 kilometres,Cycling
550,Cricket Men's Cricket,Cricket
551,"Canoeing Men's Canadian Singles, 10,000 metres",Canoeing
552,Cross Country Skiing Women's Team Sprint,Cross Country Skiing
553,Boxing Women's Middleweight,Boxing
554,Sailing Men's Skiff,Sailing
555,Athletics Men's Pentathlon,Athletics
556,"Swimming Men's 1,200 metres Freestyle",Swimming
557,Shooting Women's Skeet,Shooting
558,Biathlon Men's 15 kilometres Mass Start,Biathlon
559,Cross Country Skiing Men's 30 km Skiathlon,Cross Country Skiing
560,Cycling Men's 1/4 mile,Cycling
561,Cycling Men's 1/2 mile,Cycling
562,Cycling Men's 5 mile,Cycling
563,Cycling Men's 25 mile,Cycling
564,"Shooting Men's Small-Bore Rifle, Standing, 50 metres",Shooting
565,"Shooting Men's Small Bore-Rifle, Standing, 50 metres, Team",Shooting
566,Speed Skating Men's Team Pursuit (8 laps),Speed Skating
567,"Shooting Men's Free Rifle, 1,000 Yards",Shooting
568,Cycling Women's Team Pursuit,Cycling
569,"Speed Skating Women's 5,000 metres",Speed Skating
570,"Athletics Men's 3,000 metres Walk",Athletics
571,Snowboarding Women's Boardercross,Snowboarding
572,"Shooting Mixed Running Target, 50 metres",Shooting
573,Luge Mixed Team Relay,Luge
574,Cycling Women's Individual Time Trial,Cycling
575,"Fencing Women's Sabre, Individual",Fencing
576,"Fencing Men's Sabre, Individual, Three Hits",Fencing
577,Archery Women's Double National Round,Archery
578,Cycling Men's Omnium,Cycling
579,Equestrianism Mixed Hacks And Hunter Combined,Equestrianism
580,Sailing Mixed 10 metres,Sailing
581,"Shooting Men's Trap, Team",Shooting
582,"Cycling Women's Individual Pursuit, 3,000 metres",Cycling
583,Cycling Women's Points Race,Cycling
584,Sailing Men's Two Person Keelboat,Sailing
585,Cycling Men's Keirin,Cycling
586,Cycling Men's Team Sprint,Cycling
587,Athletics Men's 5 mile,Athletics
588,"Shooting Men's Running Target, Single Shot, Team",Shooting
589,Bobsleigh Women's Two,Bobsleigh
590,Racquets Men's Singles,Racquets
591,Racquets Men's Doubles,Racquets
592,"Art Competitions Mixed Literature, Lyric Works",Art Competitions
593,Motorboating Mixed A-Class (Open),Motorboating
594,Archery Men's Continental Style,Archery
595,Military Ski Patrol Men's Military Ski Patrol,Military Ski Patrol
596,"Art Competitions Mixed Painting, Graphic Arts",Art Competitions
597,"Wrestling Women's Flyweight, Freestyle",Wrestling
598,"Art Competitions Mixed Literature, Unknown Event",Art Competitions
599,Sailing Mixed 0.5-1 Ton,Sailing
600,"Art Competitions Mixed Painting, Applied Arts",Art Competitions
601,"Croquet Mixed Singles, One Ball",Croquet
602,Croquet Mixed Doubles,Croquet
603,"Shooting Men's Running Target, Double Shot, Team",Shooting
604,"Shooting Men's Free Pistol, 50 yards",Shooting
605,"Shooting Men's Free Pistol, 50 yards, Team",Shooting
606,"Fencing Men's epee, Masters and Amateurs, Individual",Fencing
607,Swimming Men's 10 kilometres Open Water,Swimming
608,"Art Competitions Mixed Music, Compositions For Orchestra",Art Competitions
609,Archery Men's Double York Round,Archery
610,"Wrestling Women's Middleweight, Freestyle",Wrestling
611,"Equestrianism Men's Vaulting, Individual",Equestrianism
612,Swimming Men's 4 x 250 metres Freestyle Relay,Swimming
613,Freestyle Skiing Women's Slopestyle,Freestyle Skiing
614,Table Tennis Women's Team,Table Tennis
615,Athletics Women's Hammer Throw,Athletics
616,"Canoeing Men's Kayak Singles, 200 metres",Canoeing
617,Short Track Speed Skating Women's 500 metres,Short Track Speed Skating
618,Shooting Women's Double Trap,Shooting
619,Rowing Men's 6-Man Naval Rowing Boats,Rowing
620,Art Competitions Mixed Music,Art Competitions
621,"Shooting Men's Free Rifle, Kneeling, 300 metres",Shooting
622,"Shooting Men's Free Rifle, Prone, 300 metres",Shooting
623,"Shooting Men's Free Rifle, Standing, 300 metres",Shooting
624,"Short Track Speed Skating Women's 1,000 metres",Short Track Speed Skating
625,"Athletics Men's 3,200 metres Steeplechase",Athletics
626,Rowing Women's Coxless Fours,Rowing
627,Freestyle Skiing Women's Ski Cross,Freestyle Skiing
628,Freestyle Skiing Men's Ski Cross,Freestyle Skiing
629,"Tennis Men's Doubles, Covered Courts",Tennis
630,"Tennis Men's Singles, Covered Courts",Tennis
631,Cycling Men's 25 kilometres,Cycling
632,"Nordic Combined Men's Normal Hill / 10 km, Individual",Nordic Combined
633,"Nordic Combined Men's Large Hill / 10 km, Individual",Nordic Combined
634,"Shooting Men's Military Rifle, 200 metres",Shooting
635,"Short Track Speed Skating Women's 1,500 metres",Short Track Speed Skating
636,Athletics Men's Standing Triple Jump,Athletics
637,Rowing Men's Coxed Pairs (1 kilometres),Rowing
638,"Shooting Men's Military Pistol, 30 metres",Shooting
639,Cycling Women's Keirin,Cycling
640,"Archery Men's Au Cordon Dore, 50 metres",Archery
641,Swimming Women's 300 metres Freestyle,Swimming
642,Snowboarding Women's Giant Slalom,Snowboarding
643,"Canoeing Men's Canadian Singles, 200 metres",Canoeing
644,Sailing Mixed 30 metres,Sailing
645,"Athletics Men's 4,000 metres Steeplechase",Athletics
646,"Athletics Men's 5,000 metres, Team",Athletics
647,Snowboarding Men's Slopestyle,Snowboarding
648,Rowing Men's Coxed Pairs (1 mile),Rowing
649,Art Competitions Mixed Unknown Event,Art Competitions
650,Cycling Women's Omnium,Cycling
651,Freestyle Skiing Men's Halfpipe,Freestyle Skiing
652,Swimming Men's 200 metres Obstacle Course,Swimming
653,Swimming Men's 200 metres Team Swimming,Swimming
654,Sailing Mixed 12 foot,Sailing
655,"Art Competitions Mixed Music, Instrumental And Chamber",Art Competitions
656,"Art Competitions Mixed Music, Vocals",Art Competitions
657,"Art Competitions Mixed Literature, Dramatic Works",Art Competitions
658,Jeu De Paume Men's Singles,Jeu De Paume
659,Sailing Mixed 10-20 Ton,Sailing
660,Cycling Men's 1/3 mile,Cycling
661,Cycling Men's 1 mile,Cycling
662,Cycling Men's 2 mile,Cycling
663,"Art Competitions Mixed Sculpturing, Medals And Plaques",Art Competitions
664,"Athletics Men's 1,600 metres Medley Relay",Athletics
665,"Croquet Mixed Singles, Two Balls",Croquet
666,"Canoeing Men's Folding Kayak Doubles, 10 kilometres",Canoeing
667,Athletics Men's 60 metres,Athletics
668,Snowboarding Women's Parallel Giant Slalom,Snowboarding
669,Sailing Mixed 2-3 Ton,Sailing
670,Speed Skating Men's Allround,Speed Skating
671,"Shooting Men's Military Rifle, Prone, 600 metres",Shooting
672,"Canoeing Men's Canadian Doubles, 10,000 metres",Canoeing
673,Snowboarding Women's Parallel Slalom,Snowboarding
674,"Shooting Men's Dueling Pistol, 30 metres, Team",Shooting
675,"Gymnastics Men's Parallel Bars, Teams",Gymnastics
676,"Gymnastics Men's Horizontal Bar, Teams",Gymnastics
677,"Shooting Men's Small-Bore Rifle, Disappearing Target, 25 metres, Team",Shooting
678,"Art Competitions Mixed Sculpturing, Medals And Reliefs",Art Competitions
679,"Athletics Men's 1,500 metres Walk",Athletics
680,"Athletics Men's 3 mile, Team",Athletics
681,"Art Competitions Mixed Sculpturing, Medals",Art Competitions
682,"Shooting Men's Military Rifle, Kneeling Or Standing, 300 metres",Shooting
683,"Equestrianism Men's Vaulting, Team",Equestrianism
684,"Shooting Men's Free Rifle, Any Position, 300 metres",Shooting
685,"Shooting Men's Military Rifle, 1873-1874 Gras Model, Kneeling Or Standing, 200 metres",Shooting
686,Swimming Men's 100 Yard Backstroke,Swimming
687,Swimming Men's 440 Yard Breaststroke,Swimming
688,"Art Competitions Mixed Literature, Epic Works",Art Competitions
689,Art Competitions Mixed Architecture,Art Competitions
690,"Athletics Men's 3,500 metres Walk",Athletics
691,Roque Men's Singles,Roque
692,Gymnastics Men's Side Horse,Gymnastics
693,Alpinism Mixed Alpinism,Alpinism
694,Archery Men's Double American Round,Archery
695,Archery Men's Team Round,Archery
696,"Archery Men's Target Archery, 33 metres, Individual",Archery
697,"Archery Men's Target Archery, 50 metres, Individual",Archery
698,"Swimming Men's 1,000 metres Freestyle",Swimming
699,Athletics Men's 10 mile Walk,Athletics
700,"Athletics Men's Discus Throw, Both Hands",Athletics
701,Golf Men's Team,Golf
702,Sailing Mixed 0-0.5 Ton,Sailing
703,Sailing Mixed 20+ Ton,Sailing
704,Cycling Women's Team Sprint,Cycling
705,"Weightlifting Men's Unlimited, Two Hands",Weightlifting
706,"Shooting Men's Free Pistol, 25 metres",Shooting
707,"Shooting Men's Military Revolver, 1873-1874 Gras Model, 20 metres",Shooting
708,"Shooting Men's Military Revolver, 20 metres",Shooting
709,Shooting Men's Dueling Pistol Au Vise 20 metres,Shooting
710,"Shooting Men's Dueling Pistol Au Commandement, 25 metres",Shooting
711,"Shooting Men's Small-Bore Rifle, Prone, 50 metres, Team",Shooting
712,Sailing Mixed 6.5 metres,Sailing
713,Athletics Men's 200 metres Hurdles,Athletics
714,Athletics Men's 56-pound Weight Throw,Athletics
715,Equestrianism Mixed Four-In-Hand Competition,Equestrianism
716,"Athletics Men's 2,500 metres Steeplechase",Athletics
717,"Art Competitions Mixed Music, Unknown Event",Art Competitions
718,Athletics Men's All-Around Championship,Athletics
719,"Archery Men's Pole Archery, Small Birds, Individual",Archery
720,"Archery Men's Pole Archery, Large Birds, Individual",Archery
721,"Archery Men's Pole Archery, Small Birds, Team",Archery
722,"Archery Men's Pole Archery, Large Birds, Team",Archery
723,"Athletics Men's 2,590 metres Steeplechase",Athletics
724,Archery Women's Double Columbia Round,Archery
725,"Athletics Men's 4 mile, Team",Athletics
726,Figure Skating Men's Special Figures,Figure Skating
727,"Shooting Men's Military Rifle, Standing, 300 metres",Shooting
728,Swimming Men's 50 yard Freestyle,Swimming
729,Swimming Men's 100 yard Freestyle,Swimming
730,Swimming Men's 440 yard Freestyle,Swimming
731,Basque Pelota Men's Two-Man Teams With Cesta,Basque Pelota
732,"Shooting Men's Trap, Single Shot, 16 metres",Shooting
733,"Shooting Men's Trap, Double Shot, 14 metres",Shooting
734,Equestrianism Mixed Long Jump,Equestrianism
735,"Canoeing Men's Folding Kayak Singles, 10 kilometres",Canoeing
736,"Shooting Men's Free Pistol, 30 metres",Shooting
737,"Shooting Men's Military Pistol, 25 metres",Shooting
738,Swimming Men's 100 metres Freestyle For Sailors,Swimming
739,Archery Men's Sur La Perche a La Herse,Archery
740,Sailing Mixed 3-10 Ton,Sailing
741,"Gymnastics Men's Individual All-Around, 4 Events",Gymnastics
742,"Wrestling Men's Unlimited Class, Greco-Roman",Wrestling
743,Motorboating Mixed B-Class (Under 60 Feet),Motorboating
744,Motorboating Mixed C-Class,Motorboating
745,"Cycling Men's 10,000 metres",Cycling
746,"Art Competitions Mixed Sculpturing, Reliefs",Art Competitions
747,"Shooting Men's Muzzle-Loading Pistol, 25 metres",Shooting
748,Equestrianism Mixed High Jump,Equestrianism
749,Archery Men's Sur La Perche a La Pyramide,Archery
750,"Fencing Men's Single Sticks, Individual",Fencing
751,Gymnastics Men's Tumbling,Gymnastics
752,Shooting Men's Unknown Event,Shooting
753,Sailing Mixed 18 foot,Sailing
754,Archery Men's Unknown Event,Archery
755,"Archery Men's Au Chapelet, 50 metres",Archery
756,Archery Men's Championnat Du Monde,Archery
757,Archery Women's Team Round,Archery
758,"Wrestling Men's All-Around, Greco-Roman",Wrestling
759,Cycling Men's 12-Hours Race,Cycling
760,Swimming Men's 500 metres Freestyle,Swimming
761,Weightlifting Men's All-Around Dumbbell Contest,Weightlifting
762,"Archery Men's Au Chapelet, 33 metres",Archery
763,"Archery Men's Au Cordon Dore, 33 metres",Archery
764,"Archery Men's Target Archery, 28 metres, Individual",Archery
765,Aeronautics Mixed Aeronautics,Aeronautics
